n,N,r,R-mean,R-var,RT-mean,RT-var
2.000000000000000000e+00,4.000000000000000000e+00,1.000000000000000000e+04,2.010499999999999954e+00,1.956589749999999572e+00,1.999999999999999778e+00,2.000000000000000000e+00
3.000000000000000000e+00,6.000000000000000000e+00,1.000000000000000000e+04,3.318999999999999950e+00,2.377239000000000324e+00,3.333333333333333481e+00,2.444444444444441089e+00
4.000000000000000000e+00,8.000000000000000000e+00,1.000000000000000000e+04,4.505600000000000271e+00,2.759568639999999462e+00,4.476190476190475387e+00,2.607709750566897355e+00
5.000000000000000000e+00,1.000000000000000000e+01,1.000000000000000000e+04,5.504699999999999704e+00,2.614977910000000794e+00,5.542857142857141817e+00,2.678820861678008924e+00
6.000000000000000000e+00,1.200000000000000000e+01,1.000000000000000000e+04,6.575599999999999667e+00,2.726084640000000281e+00,6.575115207373271708e+00,2.712119508920444844e+00
7.000000000000000000e+00,1.400000000000000000e+01,1.000000000000000000e+04,7.600299999999999834e+00,2.758139910000000139e+00,7.590988223246284861e+00,2.728244477426400749e+00
8.000000000000000000e+00,1.600000000000000000e+01,1.000000000000000000e+04,8.605199999999999960e+00,2.770732960000000134e+00,8.598862238994316343e+00,2.736180493298462579e+00
9.000000000000000000e+00,1.800000000000000000e+01,1.000000000000000000e+04,9.592999999999999972e+00,2.831150999999999751e+00,9.602783807621769085e+00,2.740117440626377743e+00
1.000000000000000000e+01,2.000000000000000000e+01,1.000000000000000000e+04,1.059939999999999927e+01,2.714519639999999789e+00,1.060474075478419564e+01,2.742078217431000553e+00
